cp,negocios_estimados,area_km2,densidad_negocios_km2,sector_principal,lat,lon
79512,479,65.061,7.4,Comercio,21.880355192373585,-101.16633554338239
79510,251,108.268,2.3,Comercio,21.803998874865243,-101.14330463597548
79694,373,118.17,3.2,Industria manufacturera,21.5240249221585,-99.8156737235328
79696,397,129.872,3.1,Comercio,21.5214266606276,-99.91425546238403
78800,423,56.555,7.5,Comercio,23.7462716706721,-100.57170914727044
78396,2099,2.002,1048.2,Servicios,22.135595337018444,-100.92393524712676
79513,203,82.708,2.5,Comercio,21.889870334846364,-101.05965072598178
78395,773,27.662,27.9,Servicios,22.084008493972302,-100.8961987542244
78425,353,51.34,6.9,Servicios,22.013028750633623,-100.83502531076516
78447,1431,11.323,126.4,Comercio,22.183060937822457,-100.81609607927945
78446,1086,18.607,58.4,Industria manufacturera,22.161062634227715,-100.77744021442156
78426,328,76.273,4.3,Comercio,22.043104018842953,-100.91456024931449
78448,1253,17.39,72.1,Comercio,22.165349438589526,-100.8530644177241
79546,258,65.409,3.9,Comercio,22.064378324009876,-100.69947699954413
78540,260,265.459,1.0,Servicios,23.796215070689282,-101.24432035979213
78543,292,203.446,1.4,Industria manufacturera,23.737428655802873,-101.08529369942524
78567,315,117.931,2.7,Salud y educación,23.41682831029357,-100.98013856086602
78546,257,128.805,2.0,Servicios,23.616578047601603,-101.03351151908527
78560,329,168.585,2.0,Servicios,23.757005137220656,-100.95788647312597
79684,3200,0.886,3613.5,Servicios,21.658046847290965,-99.81801159958924
78565,299,168.318,1.8,Comercio,23.542394715447433,-100.94097924968816
79695,238,107.16,2.2,Comercio,21.616117678359235,-99.90130403758575
78646,169,136.366,1.2,Comercio,23.203518140691752,-102.2136740216118
78647,126,244.526,0.5,Comercio,23.331106179509746,-102.19640380931256
78649,191,343.426,0.6,Servicios,23.165766001541616,-101.8245804386767
78545,253,130.479,1.9,Comercio,23.607233516561692,-101.12609268784331
78547,191,175.02,1.1,Salud y educación,23.49987380559172,-101.06357092545547
78893,238,234.463,1.0,Servicios,23.124189817012933,-100.3874789102351
78896,136,258.011,0.5,Industria manufacturera,22.962091253230163,-100.26183643542123
78786,3200,0.345,9284.2,Servicios,23.66097172078722,-100.64826490326142
78884,236,376.289,0.6,Industria manufacturera,22.634153747584392,-100.13787237855249
78394,1256,9.877,127.2,Industria manufacturera,22.127325309750358,-100.89879216662368
79554,470,89.513,5.3,Alimentos y bebidas,22.06250733431998,-100.60667834872068
79556,325,60.978,5.3,Comercio,21.918872371923975,-100.74376938142986
78897,157,277.032,0.6,Comercio,23.00441869501165,-100.40196584202111
78544,146,248.755,0.6,Salud y educación,23.64885687336466,-101.22499686318119
78890,253,287.908,0.9,Comercio,23.220500678827662,-100.24450068449705
78895,246,223.994,1.1,Servicios,22.894166083108956,-100.12377423171918
78883,232,353.868,0.7,Servicios,22.779171841085873,-100.19576672816875
78885,143,292.969,0.5,Comercio,22.671559005675704,-100.32504469673903
79553,511,51.036,10.0,Comercio,21.99651054807703,-100.59143078204058
79585,345,108.322,3.2,Alimentos y bebidas,21.688473956218704,-100.78243985024842
78496,195,221.411,0.9,Comercio,21.974862357252277,-101.18031074587313
78956,598,70.139,8.5,Servicios,22.616952627616765,-100.76764094306583
78930,116,279.233,0.4,Comercio,22.96474975424456,-101.30949491889594
78935,133,229.381,0.6,Servicios,22.94526192231359,-100.89125792015362
79377,449,91.06,4.9,Servicios,22.10264802585698,-99.80379069367879
79680,3200,0.438,7305.3,Servicios,21.651237072035222,-99.81865771140525
79584,589,71.845,8.2,Servicios,21.650714009018,-100.65294893255438
78637,269,290.999,0.9,Alimentos y bebidas,23.25064252753695,-101.47221548160117
78635,87,367.392,0.2,Industria manufacturera,23.39569879373341,-101.30178130851742
78634,159,513.868,0.3,Servicios,23.43384195711438,-101.45054930348473
79586,341,60.736,5.6,Industria manufacturera,21.63157398477178,-100.80025484852344
78644,148,189.643,0.8,Servicios,23.314819182877738,-102.04537212269317
78645,247,158.907,1.6,Salud y educación,23.200774266604007,-102.08396032915923
79588,535,73.951,7.2,Comercio,21.598591396486125,-100.71829312612968
79566,360,86.974,4.1,Comercio,21.845207849269663,-100.62441668166265
79798,482,93.554,5.2,Alimentos y bebidas,21.595629503394665,-99.43475716023916
79796,248,116.02,2.1,Industria manufacturera,21.51819161753118,-99.422436248211
79797,353,107.747,3.3,Comercio,21.47613043338694,-99.49438375217211
79794,388,114.161,3.4,Servicios,21.67438412737405,-99.32741572033709
79795,408,106.43,3.8,Servicios,21.595544653593393,-99.31382831778893
79572,203,76.498,2.7,Comercio,21.907180774791698,-100.50080821186714
78633,91,351.065,0.3,Salud y educación,23.47390089913985,-101.63421155069878
78639,292,222.807,1.3,Alimentos y bebidas,23.126915834060767,-101.66036158867145
79574,321,74.066,4.3,Comercio,21.83645807925913,-100.43900200028853
78636,182,527.443,0.3,Salud y educación,23.629521563249572,-101.40961627348406
78953,201,101.234,2.0,Servicios,22.763284328060873,-100.79185937531649
78954,216,84.629,2.6,Alimentos y bebidas,22.673432836877783,-100.7049513876539
79573,506,70.801,7.1,Comercio,21.906446239317127,-100.42451179262562
79576,447,56.171,8.0,Servicios,21.76840896553545,-100.43365362780001
79575,362,54.517,6.6,Alimentos y bebidas,21.811023754495388,-100.35138076144914
79570,454,49.801,9.1,Comercio,21.856994145365487,-100.54123737401099
79589,531,45.851,11.6,Industria manufacturera,21.574645142530066,-100.65645113222075
79587,392,40.505,9.7,Comercio,21.564644846587942,-100.61180527775552
79562,677,55.717,12.2,Industria manufacturera,21.89931107304087,-100.63715640338451
79564,544,36.781,14.8,Servicios,21.868142218054693,-100.70613145908223
79563,369,36.853,10.0,Comercio,21.859969119102168,-100.7573703130045
79565,422,48.012,8.8,Servicios,21.80279195921362,-100.7814192582332
79569,309,66.942,4.6,Comercio,21.77468312530778,-100.59580914860803
79579,208,90.893,2.3,Industria manufacturera,21.79691432598178,-100.23537260748223
79578,186,168.624,1.1,Salud y educación,21.727474305184657,-100.26211348281034
79580,743,39.806,18.7,Comercio,21.718179641417414,-100.66184017723835
79571,293,75.298,3.9,Industria manufacturera,21.792519658475978,-100.51345208374714
78495,161,210.963,0.8,Comercio,22.081936248842123,-101.25055214665971
79375,500,90.08,5.6,Servicios,21.991000230502827,-99.48311260873615
79581,342,91.178,3.8,Alimentos y bebidas,21.738083849162162,-100.73847609715659
78000,3200,1.277,2506.4,Comercio,22.152249792649748,-100.97631428345849
79947,358,36.462,9.8,Servicios,21.46910531480325,-98.76580204416614
79942,753,19.862,37.9,Servicios,21.429255565742988,-98.69220246541542
79945,765,31.659,24.2,Industria manufacturera,21.3631548956206,-98.75165524124816
79949,1375,15.168,90.6,Comercio,21.452232273453497,-98.71437672397258
79943,1011,11.156,90.6,Comercio,21.39589868057459,-98.69915605884296
79944,1132,18.586,60.9,Comercio,21.367607521430607,-98.71952260513424
79606,217,115.931,1.9,Servicios,22.003574850361712,-100.32309233290924
79603,302,104.394,2.9,Comercio,21.987585728531716,-100.19111540219895
79630,212,138.534,1.5,Salud y educación,22.33081778068073,-100.00145427865824
79634,285,120.15,2.4,Alimentos y bebidas,22.105938525780616,-100.22530904719235
79633,251,183.146,1.4,Comercio,22.23205051100173,-99.94641690405436
79647,419,134.326,3.1,Alimentos y bebidas,21.751105472578764,-99.83530247558035
79645,399,141.561,2.8,Salud y educación,21.85103440059211,-99.84091664624286
79607,352,153.136,2.3,Comercio,21.836564955793882,-100.13338763014305
79948,858,17.512,49.0,Comercio,21.42339198397504,-98.74213760015208
79605,208,196.635,1.1,Comercio,21.91370652263198,-100.2863108841735
79940,3200,0.894,3578.5,Salud y educación,21.401042043421473,-98.7283536235925
79643,184,185.936,1.0,Alimentos y bebidas,21.700896401006844,-99.9522422373811
78037,3200,0.023,141534.9,Servicios,22.167755118441416,-100.96979606102867
78038,3200,1.075,2976.5,Salud y educación,22.165221092353832,-100.97386563267706
78040,3200,0.031,101918.1,Industria manufacturera,22.15961217355933,-100.9779976861683
78049,2380,1.36,1749.8,Comercio,22.16193215760194,-100.98353151024436
78106,3200,0.019,165179.9,Servicios,22.1909244761962,-100.98749664214847
79637,308,123.877,2.5,Industria manufacturera,22.238425714512914,-100.07597407658162
79205,3028,0.67,4520.6,Servicios,22.00498260991072,-98.78496147098795
79819,564,38.726,14.6,Alimentos y bebidas,21.808545798566133,-98.81458814263027
79814,402,34.752,11.6,Salud y educación,21.719102085001865,-98.89074617755817
79390,363,33.92,10.7,Comercio,21.97555251808586,-99.54362536044039
79670,340,113.001,3.0,Industria manufacturera,21.97549629150383,-100.42679105908454
79673,354,53.02,6.7,Comercio,22.067221828737683,-100.38032534689356
79674,587,63.526,9.2,Comercio,22.072715174222676,-100.2930987037704
79675,344,110.695,3.1,Servicios,22.036746258671613,-100.15650481184929
79343,204,211.313,1.0,Servicios,22.380190350869587,-99.91001876166887
79340,194,277.674,0.7,Salud y educación,22.232109409334466,-99.79758981012318
79353,220,116.955,1.9,Industria manufacturera,22.532527851195514,-99.53332383077729
78587,176,189.482,0.9,Servicios,23.45474746703375,-101.19084641357541
78584,282,178.242,1.6,Comercio,23.34021254512588,-100.93253749313551
78578,153,292.321,0.5,Alimentos y bebidas,23.131370031570444,-101.35484157989009
78577,143,181.358,0.8,Servicios,23.11277021964636,-101.23505584015578
78107,3200,0.28,11426.7,Salud y educación,22.190248965468644,-100.98196207814131
79337,142,182.161,0.8,Comercio,22.273068932662863,-99.5148998454088
79354,183,188.54,1.0,Salud y educación,22.621662578462235,-99.64087502898079
79336,318,191.774,1.7,Alimentos y bebidas,22.294782211020305,-99.4109440718644
79335,277,110.444,2.5,Comercio,22.414159808452393,-99.42822257683366
79330,249,281.181,0.9,Industria manufacturera,22.27700573935914,-99.66647657085056
79396,438,73.293,6.0,Salud y educación,22.058257986138248,-99.73354862513392
79347,262,198.91,1.3,Comercio,22.651706332792696,-99.98504899439182
79356,356,143.796,2.5,Comercio,22.615858003064815,-99.81314146826436
79355,291,166.444,1.7,Salud y educación,22.542658832328627,-99.70000373468437
79206,3200,0.453,7063.0,Comercio,22.00809797394874,-98.78346076520056
78575,168,148.328,1.1,Servicios,23.070174328980293,-100.90033990527499
78574,206,154.127,1.3,Servicios,23.176540915595382,-100.97189082961405
78576,306,164.736,1.9,Comercio,23.07456943723828,-101.01943663471832
78586,214,279.921,0.8,Comercio,23.35754804057277,-101.08312245916466
79207,3200,0.788,4060.5,Salud y educación,22.01422439338621,-98.78790739160776
78585,271,245.304,1.1,Comercio,23.26651189962022,-101.21122613067132
78580,306,102.122,3.0,Comercio,23.24185937838267,-101.0422473882476
79937,306,36.548,8.4,Alimentos y bebidas,21.40454706740806,-98.90902198302273
78990,547,50.889,10.7,Comercio,22.399051914167256,-100.50682270433485
78993,616,47.696,12.9,Servicios,22.34462065889994,-100.57944272093096
78987,394,64.788,6.1,Comercio,22.14046346647803,-100.60472843248783
78457,149,168.432,0.9,Alimentos y bebidas,22.331359315293014,-101.34451378436717
79228,514,82.467,6.2,Servicios,21.934710486400466,-98.77681748929298
79767,421,108.259,3.9,Servicios,21.530582068135473,-99.08582526162502
79770,287,62.421,4.6,Comercio,21.653037876759928,-99.1466736767569
79776,258,110.67,2.3,Alimentos y bebidas,21.795736425464412,-99.13783192847099
79774,545,64.353,8.5,Alimentos y bebidas,21.714947666006243,-99.14338218173478
78453,352,162.922,2.2,Comercio,22.601941981181415,-101.27235492700473
78454,198,157.638,1.3,Comercio,22.461952609466014,-101.27864670029508
79420,803,31.149,25.8,Alimentos y bebidas,22.502718526704303,-100.37615680537388
79436,327,87.623,3.7,Servicios,22.349968700503684,-100.39752507394991
79430,323,51.428,6.3,Salud y educación,22.445064916404228,-100.43471367640646
79421,673,48.023,14.0,Salud y educación,22.545257528025274,-100.30176095728731
79410,892,26.799,33.3,Alimentos y bebidas,22.518248385091464,-100.03212308558265
79408,277,46.793,5.9,Industria manufacturera,22.395437003021275,-100.17998148806836
79412,396,53.236,7.4,Salud y educación,22.458403043893604,-100.0274386634505
79401,689,42.375,16.3,Alimentos y bebidas,22.508215090510735,-100.16539912006267
78456,324,168.995,1.9,Comercio,22.405955349744943,-101.21808885963722
78109,3200,1.221,2621.7,Comercio,22.20788629172806,-100.98748219693375
78996,603,59.168,10.2,Alimentos y bebidas,22.312173934302695,-100.65034208122854
79400,451,33.03,13.7,Alimentos y bebidas,22.518412213078804,-100.2203590833683
79210,275,132.867,2.1,Comercio,22.0767005824374,-98.82159753067995
79226,323,166.3,1.9,Comercio,21.951181311982005,-98.66292964453474
79220,192,90.58,2.1,Comercio,21.995634343505664,-98.84047996597894
78986,375,58.565,6.4,Alimentos y bebidas,22.15385575247232,-100.6686712215914
79429,709,49.601,14.3,Comercio,22.522478866108333,-100.47495534448586
78110,3009,2.307,1304.0,Servicios,22.18841135945842,-100.99698344495494
78116,3200,1.718,1863.0,Servicios,22.19553368555288,-101.00444559532181
78994,602,64.641,9.3,Comercio,22.322378058533065,-100.53421768099302
78997,745,45.438,16.4,Comercio,22.20095001858055,-100.61008315700555
78455,439,117.97,3.7,Comercio,22.46119692733625,-101.11575972862349
79777,157,167.706,0.9,Servicios,21.91295680784956,-99.19814047738492
79775,349,131.642,2.7,Comercio,21.739739569779445,-99.03627154625211
78421,634,37.049,17.1,Servicios,22.09141340335964,-100.8561895668505
79414,562,31.405,17.9,Servicios,22.474945105474642,-100.12828616744503
79405,518,27.71,18.7,Industria manufacturera,22.494245949263103,-100.26354140967054
79415,367,26.15,14.0,Salud y educación,22.500884603905693,-100.08348876427736
79413,663,30.595,21.7,Industria manufacturera,22.441133248859394,-100.08888990949828
79416,914,23.353,39.1,Industria manufacturera,22.54115258340246,-100.07997250776005
79431,502,37.003,13.6,Comercio,22.365232186490726,-100.35171711371468
79437,454,74.262,6.1,Comercio,22.31202889913383,-100.4342501368896
79428,498,33.824,14.7,Alimentos y bebidas,22.466590404572266,-100.39248950346702
79443,3200,0.609,5255.6,Comercio,22.434532771066376,-100.27711421596405
79878,921,10.955,84.1,Servicios,21.484528975145004,-98.90750545180335
78120,2869,1.675,1712.7,Comercio,22.189879553889238,-101.01388211877735
78870,2310,1.336,1728.5,Servicios,22.61642203962131,-100.40039552110126
78130,3200,1.369,2338.1,Industria manufacturera,22.181569878041312,-101.01576429326191
79871,2925,3.484,839.6,Servicios,21.530965960591683,-98.89053622784567
79860,1770,3.284,539.0,Servicios,21.537697443015308,-98.90424692518238
79867,739,7.275,101.6,Comercio,21.52644080287359,-98.9450000257637
79861,1527,5.553,275.0,Servicios,21.54460882655983,-98.92872600112977
79866,1752,6.293,278.4,Servicios,21.513615368871733,-98.94354448759387
79876,1175,9.148,128.4,Comercio,21.529168267668904,-98.85639935881953
79879,986,13.305,74.1,Salud y educación,21.513022343646107,-98.86384609682517
79870,1921,6.511,295.0,Comercio,21.502678084971947,-98.89966423712335
79864,941,6.084,154.7,Servicios,21.51806011548336,-98.91044795424615
79865,1110,13.952,79.6,Comercio,21.4941788865171,-98.9395906771436
79863,2479,4.222,587.2,Alimentos y bebidas,21.552367972312634,-98.9005822572833
79874,3200,1.47,2177.5,Comercio,21.547383555454903,-98.88389625612301
79807,484,27.474,17.6,Comercio,21.694595324831653,-98.9807759156701
79800,867,10.609,81.7,Servicios,21.586546206454546,-98.9647053250564
79803,1939,6.873,282.1,Comercio,21.5935146848963,-98.99016093356776
79802,704,22.036,31.9,Servicios,21.573056022270634,-98.92340012016192
79804,662,15.384,43.0,Industria manufacturera,21.599833656481167,-98.93075951674399
79805,653,29.177,22.4,Comercio,21.631410120714726,-98.95833992324435
79806,797,26.416,30.2,Comercio,21.661718643831517,-98.97636083338291
79290,412,100.516,4.1,Alimentos y bebidas,22.017569207047718,-98.49635780438915
78483,3044,0.765,3980.1,Servicios,22.273536984313658,-101.12408881043277
79295,303,60.788,5.0,Salud y educación,22.11120282416059,-98.4701966177017
79297,323,109.139,3.0,Comercio,22.326538883602733,-98.58771469232852
79294,302,73.027,4.1,Alimentos y bebidas,22.211317842920863,-98.55294814435665
79686,3200,0.938,3411.1,Alimentos y bebidas,21.64166328163902,-99.82236957838153
79890,1375,9.968,137.9,Salud y educación,21.48793145660607,-98.97756174191358
79895,1690,6.134,275.5,Salud y educación,21.465731729896124,-98.96889909766911
79683,3200,0.155,20710.2,Servicios,21.66053831915622,-99.82341673272589
79690,547,57.418,9.5,Servicios,21.66891151807424,-99.8251477097844
79888,2792,3.456,807.9,Servicios,21.536175126242146,-98.98892754168027
79887,2608,4.261,612.1,Industria manufacturera,21.546748106435313,-99.01823250518619
79889,1427,6.811,209.5,Comercio,21.549711814597114,-99.00282809084622
79893,970,8.703,111.5,Industria manufacturera,21.515588839315534,-99.0053697641418
79782,453,86.486,5.2,Servicios,21.658070290094106,-99.73129566173913
79783,474,65.007,7.3,Comercio,21.604296032839017,-99.67825040186348
79788,250,66.244,3.8,Comercio,21.503605368054,-99.58075022046332
78477,303,76.422,4.0,Comercio,22.134366623180412,-101.14692495648823
79786,464,58.678,7.9,Comercio,21.562868258137865,-99.59671675387588
79326,2386,1.633,1460.9,Industria manufacturera,22.4012238584912,-99.61235610001839
78914,302,166.179,1.8,Comercio,22.84407998136333,-101.35679800437708
78906,301,102.277,2.9,Servicios,22.678115674126843,-100.99473807027616
78909,384,66.384,5.8,Comercio,22.569774164559664,-101.16185778099167
78919,538,36.383,14.8,Salud y educación,22.621564639062765,-101.18207371490057
78917,596,40.105,14.9,Industria manufacturera,22.647516520412378,-101.10614614849096
79100,3200,0.06,53207.0,Alimentos y bebidas,22.20991762208908,-98.3790137035412
79170,3200,0.069,46368.2,Comercio,22.213578212259414,-98.37352216625601
78915,264,116.312,2.3,Alimentos y bebidas,22.762963276217764,-101.25057387049658
78910,362,146.399,2.5,Salud y educación,22.68698402935299,-101.24679950077174
78913,259,136.753,1.9,Industria manufacturera,22.7676355280518,-101.40105292288648
79687,3200,1.066,3002.6,Servicios,21.65050815836143,-99.8267063357115
79685,3200,0.673,4753.4,Comercio,21.64966514641401,-99.81205624641315
79320,3200,0.108,29644.6,Comercio,22.400324705586677,-99.6005146410111
79323,3200,0.875,3656.2,Industria manufacturera,22.40736617859543,-99.60380779060966
79324,3200,0.936,3418.7,Comercio,22.405866233703097,-99.59658270046673
79325,3200,1.214,2635.3,Comercio,22.3969225596327,-99.59915195521924
79749,321,130.884,2.5,Comercio,21.730224243947887,-99.66812098805683
78133,3200,0.54,5920.5,Servicios,22.18579823670247,-101.0265205847714
79292,191,92.478,2.1,Industria manufacturera,22.26721140521424,-98.63336106388749
79754,266,69.4,3.8,Servicios,21.863942927181068,-99.46028712844303
79752,276,50.95,5.4,Servicios,21.916562423882677,-99.52300795309489
79750,376,44.952,8.4,Comercio,21.919247238840928,-99.61065150158862
79755,365,127.081,2.9,Servicios,21.79382633629799,-99.55549126861543
79745,762,32.897,23.2,Alimentos y bebidas,21.886828767262024,-99.72331982036785
79505,1155,6.412,180.1,Comercio,21.728964083086847,-100.92740978191112
79753,315,36.487,8.6,Servicios,21.914630543805245,-99.4661178280877
79748,710,51.441,13.8,Comercio,21.74492949578171,-99.75414638677401
78612,178,400.424,0.4,Alimentos y bebidas,23.07145927145715,-101.50779592409033
78610,564,49.278,11.4,Alimentos y bebidas,22.503654198873043,-101.78683524992425
78602,346,178.842,1.9,Comercio,22.761144695229177,-101.76143200864288
78603,118,218.236,0.5,Comercio,22.751288792959063,-101.55094167219029
78613,149,194.241,0.8,Industria manufacturera,22.930375556770784,-101.4727976860171
78605,569,42.163,13.5,Comercio,22.551121695080113,-101.7857143770325
79506,475,72.195,6.6,Alimentos y bebidas,21.783256216485277,-101.0305926652588
79835,555,19.864,27.9,Servicios,21.6462186287668,-98.7584621012944
79834,974,20.976,46.4,Comercio,21.649808374041555,-98.82627970208634
79838,1359,12.615,107.7,Salud y educación,21.624067243503017,-98.84992253396139
79610,1698,2.22,765.0,Comercio,21.931152364841395,-99.9939432103981
79837,1220,6.614,184.5,Industria manufacturera,21.598888345276443,-98.90110377186738
79816,591,68.253,8.7,Servicios,21.691472950440833,-98.72366522402379
79813,857,25.243,33.9,Comercio,21.685433675488323,-98.79517132338704
79615,2568,3.313,775.0,Servicios,21.90464566076859,-99.97697796920961
78779,3200,0.285,11229.0,Alimentos y bebidas,23.63694121362284,-100.63410692461541
78816,479,87.324,5.5,Servicios,23.594094980447423,-100.5934003329175
79616,1918,1.842,1041.3,Salud y educación,21.93235630783997,-99.97805523400422
79364,3200,0.079,40739.2,Comercio,22.12847748248796,-99.59815320441797
78510,184,260.219,0.7,Servicios,24.385851204499136,-100.73910221389745
78513,273,145.457,1.9,Comercio,24.257235213007657,-100.86938373222567
78511,277,237.193,1.2,Alimentos y bebidas,24.23062066709357,-101.00879177007093
78512,158,165.594,1.0,Salud y educación,24.157665357081527,-100.88798981703289
78503,207,295.75,0.7,Alimentos y bebidas,24.08993104695175,-101.1267126444894
78504,206,332.566,0.6,Servicios,24.063740573598785,-100.92621963258416
79844,788,30.206,26.1,Salud y educación,21.563859956861588,-98.63369934313002
78514,135,328.745,0.4,Alimentos y bebidas,24.2742883998667,-100.68478249127773
78502,227,214.87,1.1,Servicios,24.14469005319348,-100.75338643000987
78843,290,114.938,2.5,Industria manufacturera,23.465102016082394,-100.73322755003217
78864,189,179.123,1.1,Alimentos y bebidas,23.037959536105387,-100.79399026657777
78858,506,77.244,6.6,Comercio,23.172859679571175,-100.86264389023263
78856,499,84.515,5.9,Comercio,23.274226065901047,-100.86032999980992
78866,224,194.477,1.2,Servicios,23.077112861558163,-100.62485563852184
78863,174,260.396,0.7,Comercio,23.172098615055873,-100.57708273075549
79139,3200,0.582,5500.4,Comercio,22.220484761980725,-98.36827802081018
78438,828,10.701,77.4,Alimentos y bebidas,22.15115167997114,-100.89747047477447
78868,180,228.466,0.8,Alimentos y bebidas,22.9973742339029,-100.6058372749332
78859,305,162.104,1.9,Comercio,23.158556104228524,-100.74636456311282
79845,421,20.867,20.2,Salud y educación,21.56227553076358,-98.67113131299372
78844,292,51.284,5.7,Industria manufacturera,23.526200190472263,-100.76791312535575
79327,3200,0.414,7721.0,Alimentos y bebidas,22.410200198312474,-99.61219422876465
79350,357,119.634,3.0,Industria manufacturera,22.475265053047163,-99.61772573363976
78857,282,133.631,2.1,Alimentos y bebidas,23.238429832375687,-100.75851309918872
78845,439,24.858,17.7,Comercio,23.58062571672116,-100.8008317278592
78873,3200,0.599,5339.5,Comercio,22.622381686598057,-100.39779096446875
79784,322,122.255,2.6,Servicios,21.689361894191624,-99.56976823135119
79540,3200,0.181,17684.9,Servicios,22.035341870344165,-100.73011953743087
79817,625,46.815,13.4,Comercio,21.744191197329403,-98.77333737107026
79818,641,42.064,15.2,Comercio,21.765230277169106,-98.85730965797393
79815,447,35.973,12.4,Comercio,21.72052789322945,-98.83324542812046
79810,399,38.518,10.4,Comercio,21.666260937361994,-98.8746769853113
78137,3200,0.174,18364.1,Alimentos y bebidas,22.178931259653396,-101.02035040947226
78140,1429,3.715,384.7,Comercio,22.178888869130184,-100.98931188378627
78144,3200,0.09,35702.0,Industria manufacturera,22.176809683541634,-101.00938867618987
79365,3200,0.801,3995.7,Servicios,22.121607432763128,-99.59180929623139
78146,3200,0.345,9267.1,Comercio,22.173365557676163,-101.0101158388891
78147,3200,0.189,16951.0,Comercio,22.17022613308304,-101.01504150410805
78148,3200,0.325,9858.5,Comercio,22.171935140584935,-101.00488436589865
79859,574,39.568,14.5,Comercio,21.523642558358727,-98.79650459409551
79334,396,143.904,2.8,Servicios,22.41380706750504,-99.52953329484055
79333,311,155.296,2.0,Comercio,22.37622469180216,-99.64893914627561
79509,1423,12.367,115.1,Servicios,21.774333289095686,-100.91856281096878
79590,3200,0.361,8865.6,Servicios,21.66739684113686,-100.57317262548818
79485,477,49.468,9.6,Servicios,22.163574998349592,-100.50375072645421
79952,359,45.784,7.8,Comercio,21.44767534631409,-98.63838892820387
79955,539,79.044,6.8,Servicios,21.483170666821582,-98.57117102354287
79958,478,84.67,5.6,Servicios,21.26361792186589,-98.63961079033655
79954,291,49.804,5.8,Servicios,21.500372439646924,-98.65191489049779
79956,236,68.449,3.4,Comercio,21.407160869844457,-98.55955102213777
79495,544,45.755,11.9,Comercio,22.03527393551921,-100.52432106826697
79490,623,64.817,9.6,Comercio,22.090526337884008,-100.44754467810365
79491,519,67.257,7.7,Servicios,22.1124875509234,-100.53245707942835
79493,717,38.819,18.5,Comercio,22.121635864675714,-100.38318413076102
79488,531,44.667,11.9,Servicios,22.173418310490767,-100.36014801787329
79486,369,75.054,4.9,Alimentos y bebidas,22.17807201147186,-100.42750913482304
79487,526,87.577,6.0,Comercio,22.252672613189674,-100.34601628465005
79494,656,35.661,18.4,Servicios,22.025335082438158,-100.4877719104656
79825,646,43.769,14.8,Salud y educación,21.797224891908325,-98.50048949502461
79828,307,64.447,4.8,Comercio,21.9104104020033,-98.56376414880762
79826,341,124.588,2.7,Comercio,21.821512328903275,-98.59506411478075
78433,1027,6.585,156.0,Comercio,22.193483310395376,-100.95379799675658
78434,566,11.926,47.5,Servicios,22.177623548260183,-100.91833973980641
79597,355,104.544,3.4,Comercio,21.712462435322532,-100.36505586757372
79598,409,40.339,10.1,Industria manufacturera,21.582366175103573,-100.49625891367583
79599,455,78.481,5.8,Servicios,21.5712653311556,-100.5569501222301
79507,833,25.539,32.6,Salud y educación,21.752869155923836,-100.92957902240597
79827,508,72.32,7.0,Servicios,21.853962247910957,-98.65819363108689
78825,315,144.059,2.2,Salud y educación,23.292117931563787,-100.62059234126392
78827,344,82.843,4.2,Servicios,23.277112287745975,-100.52029245379018
78820,350,116.234,3.0,Salud y educación,23.36087091359127,-100.51981575730876
78822,542,67.769,8.0,Comercio,23.44425087101772,-100.55529031554072
78824,306,58.425,5.2,Comercio,23.372726923238066,-100.61843133460503
78819,705,37.782,18.7,Servicios,23.48606595463637,-100.65074930627539
78810,296,82.571,3.6,Comercio,23.50543390203751,-100.56446016890284
78818,713,33.941,21.0,Industria manufacturera,23.527980548047058,-100.6607525011215
78811,545,77.618,7.0,Servicios,23.575587427770003,-100.73348208550065
78814,689,26.471,26.0,Comercio,23.569713058268473,-100.6647915703232
78815,268,52.189,5.1,Servicios,23.54787297062658,-100.51300029899566
78805,286,94.729,3.0,Comercio,23.634747912209836,-100.50611536731415
78984,488,20.471,23.8,Salud y educación,22.264129505352198,-100.69508506172504
78821,865,29.327,29.5,Servicios,23.433825065356938,-100.62462338163327
78985,799,39.107,20.4,Salud y educación,22.222351626840688,-100.69039390499867
79366,3200,0.192,16702.6,Comercio,22.13082420394038,-99.60463592488748
79360,3200,0.086,37219.1,Alimentos y bebidas,22.12819347936697,-99.60083027677727
78980,484,48.226,10.0,Industria manufacturera,22.25740719770843,-100.61539796251171
79855,581,66.856,8.7,Comercio,21.508375083581548,-98.7200086178048
79852,589,40.999,14.4,Industria manufacturera,21.606252889530033,-98.75789291187618
79216,240,179.279,1.3,Comercio,22.203489757512326,-98.83932276436295
79225,277,105.408,2.6,Comercio,22.023839851173477,-98.66391087190037
79217,328,135.318,2.4,Alimentos y bebidas,22.147815412895717,-98.64619735751742
79214,219,155.315,1.4,Industria manufacturera,22.325848542361744,-98.71813348346316
79215,226,134.73,1.7,Salud y educación,22.31788001132592,-98.84140089902672
79213,357,142.501,2.5,Servicios,22.19918620820743,-98.73916474950087
79218,373,75.364,4.9,Comercio,22.148194282615844,-98.55296797474026
79212,269,105.448,2.6,Salud y educación,22.08524313605827,-98.72963130029972
78976,166,300.337,0.6,Servicios,22.91090239686271,-100.68272644073332
79842,1526,12.619,120.9,Industria manufacturera,21.669992946333988,-98.6660063513005
79471,515,48.749,10.6,Servicios,22.175924070057082,-100.19202553886393
79453,275,74.901,3.7,Servicios,22.38980223433345,-100.11507993711645
79224,527,64.797,8.1,Servicios,22.050098768614294,-98.58485924602219
79223,588,53.35,11.0,Comercio,22.07542908455772,-98.53774288882359
79454,544,44.685,12.2,Salud y educación,22.327687159421927,-100.11817460490457
79473,493,43.958,11.2,Industria manufacturera,22.22581529708104,-100.17572432790283
79227,270,65.165,4.1,Salud y educación,21.912027005588126,-98.86035204658539
79229,285,159.063,1.8,Comercio,21.838339447182634,-98.75228831031271
79467,397,35.569,11.2,Servicios,22.187233090971155,-100.31015590704466
79470,549,44.113,12.4,Comercio,22.15420478841381,-100.26363030366029
79466,758,45.223,16.8,Salud y educación,22.215206347084514,-100.25819497842419
79450,460,52.184,8.8,Comercio,22.400208448866668,-100.03733416174218
79618,3200,1.037,3084.6,Servicios,21.938890421433523,-100.00470528544686
79619,3200,0.581,5508.6,Servicios,21.939788585274805,-99.99232156797099
79577,368,53.874,6.8,Alimentos y bebidas,21.850033662113905,-100.30502724129022
79620,3200,0.611,5234.7,Comercio,21.919827759642722,-99.996087869519
78150,3200,0.953,3357.1,Servicios,22.166343021835676,-101.01129463708476
78153,3200,1.372,2332.6,Servicios,22.160029479885402,-101.00957042392717
79455,780,37.368,20.9,Alimentos y bebidas,22.285167202370065,-100.16288840936673
78165,3200,0.091,35203.4,Alimentos y bebidas,22.1618746731502,-100.99987983692847
78170,3200,0.955,3350.2,Salud y educación,22.1673514235136,-100.99433695184607
78173,3200,0.161,19831.3,Alimentos y bebidas,22.17018527441408,-100.98934542757848
78175,3200,0.243,13182.9,Comercio,22.16333058570905,-100.99730482487665
78176,3200,0.272,11776.7,Salud y educación,22.167387332410954,-101.00372109396686
78177,3200,0.051,62928.9,Comercio,22.15686740616172,-100.99624150174114
79760,3200,1.116,2867.4,Comercio,21.622252809123125,-99.0188075656364
79766,387,83.448,4.6,Servicios,21.591353018884362,-99.04964222511008
79654,3200,1.427,2242.3,Comercio,21.95455211544203,-100.00783634503871
78174,3200,0.823,3886.1,Industria manufacturera,22.171402980756458,-100.98167693842878
79650,3200,1.026,3119.2,Comercio,21.94338920232631,-100.01157997048459
79773,517,68.806,7.5,Comercio,21.65236883007011,-99.06218087427514
78178,3200,0.144,22293.6,Industria manufacturera,22.157702103080407,-100.99828621633894
78180,2484,4.166,596.3,Servicios,22.163775607899055,-101.02958017271197
79653,2912,2.533,1149.6,Alimentos y bebidas,21.957852707684523,-100.0269314178402
78200,3200,0.788,4062.8,Servicios,22.153115414149113,-101.00682001166439
78209,3200,0.064,50081.2,Servicios,22.153734713643146,-101.01681020549198
79363,3200,0.126,25344.2,Alimentos y bebidas,22.131192638957334,-99.60135544647073
79664,3200,1.332,2401.9,Servicios,21.928289312042637,-100.05296220502588
79935,3200,0.63,5083.1,Servicios,21.3954075208066,-98.87216630465916
79508,673,39.591,17.0,Servicios,21.708150791040232,-100.88551061020792
79504,727,31.159,23.3,Comercio,21.746736850038175,-100.85820081929279
78450,2157,3.182,677.8,Salud y educación,22.39791173192211,-101.16564640377263
78210,3200,1.023,3128.6,Industria manufacturera,22.142921891672135,-101.02118652541627
78490,1313,10.559,124.4,Alimentos y bebidas,21.905619811464515,-101.37847294673172
78973,317,185.808,1.7,Alimentos y bebidas,22.578272577411983,-100.65706410306387
78937,177,255.155,0.7,Comercio,22.86947803394783,-101.17608905018903
78213,3200,0.553,5784.5,Alimentos y bebidas,22.15225627573649,-101.02190311273904
78214,3200,1.015,3152.6,Comercio,22.130789583159128,-101.02510297267199
78485,3200,0.084,37880.4,Industria manufacturera,22.265369134612047,-101.10976634412334
78480,3200,0.737,4339.6,Salud y educación,22.269414068033395,-101.11427050492503
79500,965,21.264,45.4,Servicios,21.806544453353887,-100.940078586475
78219,3200,0.279,11475.7,Industria manufacturera,22.14849984321708,-101.01902295459624
78220,3200,0.248,12893.1,Servicios,22.150503069439505,-101.01111351177465
78230,3200,0.263,12172.1,Salud y educación,22.159022295289265,-100.98786540081997
78233,3200,0.056,57418.6,Alimentos y bebidas,22.149594998473248,-100.98646605660005
78234,3200,0.011,289817.2,Servicios,22.153856260214766,-100.98610413240715
78235,3200,0.024,131912.8,Servicios,22.160274253439418,-100.99384393010979
78236,3200,0.002,1404511.8,Alimentos y bebidas,22.154479653714162,-100.99233163256224
78238,3200,0.024,132460.9,Comercio,22.158335212218358,-100.99328864504177
78239,3200,0.127,25288.0,Servicios,22.159996185143434,-100.99444999953876
78240,3200,0.562,5692.8,Salud y educación,22.144692504890813,-101.01310399229571
78964,3154,0.791,3988.3,Servicios,22.450308726720834,-100.67444650838515
78250,2223,1.957,1136.2,Comercio,22.1525094297244,-100.99287965759147
78260,3200,0.235,13615.5,Alimentos y bebidas,22.145715351471416,-100.99395379016684
78268,3200,0.082,38938.0,Industria manufacturera,22.142298774184933,-101.00200721570567
78269,3184,0.808,3940.3,Servicios,22.139515604047375,-100.99614671689802
78270,3200,0.971,3296.8,Servicios,22.145133609923022,-101.0040916619128
78280,3093,2.186,1415.0,Servicios,22.139335069105037,-100.98503176807245
78290,3200,0.446,7174.0,Alimentos y bebidas,22.139502177757066,-101.0129346426763
78294,1181,5.434,217.4,Servicios,22.12862457855911,-101.00459604908978
78298,3200,0.031,101831.3,Comercio,22.139105987250318,-101.01265793292117
78300,3200,0.699,4575.1,Servicios,22.160679314714976,-100.96113207758306
79624,3012,3.684,817.5,Comercio,21.94181401552331,-99.98132257017187
78307,3200,0.02,158770.2,Industria manufacturera,22.15766189364176,-100.96742119976325
78308,3200,0.057,56408.3,Servicios,22.168121343362305,-100.96217230796869
78309,3200,1.389,2304.3,Industria manufacturera,22.165259097088672,-100.96515677231314
78310,2732,0.788,3466.6,Servicios,22.153902172951366,-100.96433468489147
78318,3200,0.094,34109.1,Salud y educación,22.15588751301852,-100.95883111939348
78320,3200,0.974,3284.6,Alimentos y bebidas,22.147086243446022,-100.96114372218851
78328,3200,0.156,20576.6,Servicios,22.140041283720546,-100.95805212437358
78330,3200,0.42,7627.2,Servicios,22.138663599754878,-100.97827882831484
78338,3200,0.063,50967.4,Industria manufacturera,22.137289120167203,-100.97868620871063
78339,3200,0.501,6382.1,Alimentos y bebidas,22.14330212176215,-100.97708695672279
78319,3200,0.106,30306.5,Salud y educación,22.15839220845812,-100.95799490006274
79644,191,348.932,0.5,Comercio,21.974552120966464,-99.86839095582441
78340,3200,0.809,3954.6,Servicios,22.138820960609234,-100.96774489358306
78349,3200,0.83,3857.2,Comercio,22.14556552276809,-100.96978703452773
78350,3200,0.734,4362.6,Industria manufacturera,22.135218994494835,-100.96226505082625
78356,3200,0.096,33242.9,Comercio,22.134030704963767,-100.96947781101409
78358,3200,0.075,42949.5,Salud y educación,22.13092292727565,-100.97048196006658
78359,3200,0.388,8237.4,Salud y educación,22.13236107625253,-100.97350989943783
78360,3200,1.71,1871.2,Comercio,22.122287351869748,-100.97477907863886
79613,2031,6.116,332.1,Servicios,21.919822379353032,-99.96254136977056
78363,3200,0.179,17903.6,Industria manufacturera,22.122004962727672,-100.98415493127332
78365,3200,0.057,56090.6,Comercio,22.110839931017885,-100.97329550259296
78367,3200,0.023,140945.6,Comercio,22.12061287640143,-100.97181216703207
78368,3200,0.047,68511.3,Alimentos y bebidas,22.129777001895924,-100.97596374173881
78369,3200,1.046,3060.3,Salud y educación,22.128235203281836,-100.9872630719351
78370,3200,1.256,2547.1,Alimentos y bebidas,22.12523461325292,-100.94947188057913
78377,3200,0.714,4482.2,Alimentos y bebidas,22.127269898583762,-100.94152450910784
78378,2537,0.808,3141.4,Servicios,22.133270184237894,-100.94890518667893
78379,3200,0.244,13102.8,Industria manufacturera,22.133374727939945,-100.95649268009065
78384,3200,1.097,2916.1,Servicios,22.107114123549128,-100.95475750017579
78385,3200,1.942,1647.8,Salud y educación,22.114232870836876,-100.94599258765216
78387,3200,0.325,9854.8,Comercio,22.12720371552086,-100.96515040625371
78388,3200,0.119,26805.0,Alimentos y bebidas,22.129740824515878,-100.9639513150216
79962,1088,12.932,84.1,Salud y educación,21.303034266685508,-98.75199530407869
79964,630,17.984,35.0,Comercio,21.27435538473016,-98.81789133232289
79965,1455,11.203,129.9,Salud y educación,21.260561818659617,-98.86021320048431
79966,472,36.369,13.0,Servicios,21.22765096517342,-98.87498740218666
79967,376,37.512,10.0,Salud y educación,21.28026624495895,-98.89455799801176
79980,3200,0.918,3487.2,Servicios,21.20952035137522,-98.67124280638095
79983,610,13.837,44.1,Alimentos y bebidas,21.302774673815062,-98.69608489065335
79984,620,14.954,41.5,Servicios,21.247747989107143,-98.6884569767795
79985,1075,15.668,68.6,Industria manufacturera,21.2161634861313,-98.69511088892334
79986,1210,18.281,66.2,Servicios,21.205775225853998,-98.65154819297203
79990,1357,11.385,119.2,Comercio,21.185342447228436,-98.85258618952427
79993,934,13.196,70.8,Comercio,21.205543165692703,-98.80063272769374
79994,957,14.462,66.2,Servicios,21.20118705073249,-98.7682757476196
79995,1662,10.34,160.7,Comercio,21.175369912219423,-98.81082604080946
79996,989,10.92,90.6,Servicios,21.204730921752336,-98.83640477516593
79998,1165,19.706,59.1,Alimentos y bebidas,21.195241475173177,-98.72158190615266
78389,3200,0.52,6158.8,Industria manufacturera,22.126761514948875,-100.95807824753831
78527,2058,3.943,521.9,Salud y educación,23.825389954745685,-100.74319811864196
79963,955,11.352,84.1,Servicios,21.280144588709565,-98.77575039600994
79982,842,9.837,85.6,Comercio,21.23288218412809,-98.74876684287523
79987,1403,12.356,113.6,Servicios,21.242819808544137,-98.72369996610588
78403,426,83.179,5.1,Industria manufacturera,22.512006934315234,-101.08061301382472
79988,802,23.857,33.6,Comercio,21.275527918146167,-98.72777603539885
79997,840,28.964,29.0,Comercio,21.237579542571073,-98.80282873626874
78405,309,51.463,6.0,Servicios,22.490373716240693,-101.01361355217044
78534,126,225.286,0.6,Alimentos y bebidas,24.101046593804345,-100.61355191678621
78965,2828,1.133,2496.1,Comercio,22.448894723448177,-100.6852791609555
78410,396,126.797,3.1,Comercio,22.425066462862546,-100.85835344112849
79370,198,122.41,1.6,Salud y educación,22.162560268859583,-99.67858634478996
78974,175,101.158,1.7,Alimentos y bebidas,22.718748908129026,-100.63352533738058
78404,369,39.314,9.4,Comercio,22.58360665334461,-101.04487108298879
79161,3200,0.203,15763.3,Comercio,22.211651874767224,-98.3817114609484
78977,356,115.103,3.1,Comercio,22.8060368744244,-100.63022336330894
78975,151,137.416,1.1,Alimentos y bebidas,22.816409726397,-100.74559909125792
78525,1286,5.104,251.9,Comercio,23.802996153057208,-100.72532349294154
78400,254,83.632,3.0,Comercio,22.548031950176465,-100.97507054497277
78966,277,204.09,1.4,Servicios,22.413240565080784,-100.58402079510337
78398,2242,4.588,488.7,Servicios,22.108787655050236,-100.93716755791573
79543,3200,0.263,12150.2,Servicios,22.034520933886686,-100.73716065728057
78407,240,78.063,3.1,Servicios,22.61908971648543,-100.95255755347813
79929,806,38.28,21.1,Comercio,21.46164904663932,-99.094678089047
79915,1042,19.449,53.6,Alimentos y bebidas,21.474260708447513,-99.0090578431426
79920,516,46.993,11.0,Servicios,21.307081343031996,-99.0561604453903
79376,548,78.837,7.0,Comercio,22.088487185963317,-99.64390753150693
79907,552,38.531,14.3,Servicios,21.331502092123397,-98.98473532757347
79908,2351,3.863,608.6,Servicios,21.338247758173797,-98.88699105615012
79905,1317,14.986,87.9,Comercio,21.36357757670234,-98.9226661963289
79913,625,12.648,49.4,Servicios,21.441341211823655,-98.99725774511707
79926,482,19.417,24.8,Comercio,21.4096394610498,-99.02767185416732
79910,1257,11.134,112.9,Servicios,21.412491733311864,-98.99142137500792
79916,982,10.091,97.3,Salud y educación,21.44344046731709,-98.95942778625634
79374,328,108.71,3.0,Servicios,22.07267104506296,-99.54742020762231
79903,1860,5.231,355.6,Comercio,21.37976686517671,-98.9530336091874
79906,1241,12.63,98.3,Alimentos y bebidas,21.343797551003806,-98.95357617671215
79904,1534,7.972,192.4,Alimentos y bebidas,21.361423482511846,-98.94263060143953
79923,728,34.259,21.2,Comercio,21.34215470219503,-99.09363394233978
79925,785,19.388,40.5,Comercio,21.354255869100218,-99.02326057277537
79924,715,18.478,38.7,Servicios,21.37292534320884,-99.07072292053435
79927,573,32.115,17.8,Comercio,21.40145004226113,-99.06169903107238
79928,629,27.703,22.7,Industria manufacturera,21.45147533700386,-99.0440647847007
79917,804,16.021,50.2,Comercio,21.41308394602406,-98.96184614942187
79545,3200,0.839,3814.0,Comercio,22.039183334884736,-100.72587354766023
78983,385,127.077,3.0,Comercio,22.306493439539228,-100.75437622062343
79604,152,172.524,0.9,Industria manufacturera,21.901721775708605,-100.09027415150784
79544,3200,1.072,2984.4,Servicios,22.04194865500411,-100.73413522157685
79636,219,247.84,0.9,Servicios,22.126157275319404,-99.938615683567
79900,2355,2.076,1134.4,Comercio,21.384712422755467,-98.99241881687651
79460,1428,5.411,263.9,Industria manufacturera,22.322736865106982,-100.27022186912254
79555,422,96.375,4.4,Alimentos y bebidas,21.971483606417124,-100.65589264887825
79550,533,60.312,8.8,Salud y educación,21.94874352333732,-100.55787949959418
79463,563,45.656,12.3,Servicios,22.342198657237038,-100.3010922804027
79464,384,88.096,4.4,Comercio,22.342650883697903,-100.2208218259335
79465,449,75.141,6.0,Comercio,22.273430261001312,-100.25164342459821
79635,216,94.545,2.3,Alimentos y bebidas,22.170077966784067,-100.11809332553685
79640,269,115.485,2.3,Alimentos y bebidas,22.086802707452986,-100.05372000036631
79676,308,130.614,2.4,Alimentos y bebidas,22.016116744719103,-100.02494530702683
79625,2888,3.313,871.8,Salud y educación,21.90839038142079,-100.00342777600095
79901,1610,9.256,173.9,Servicios,21.38660349558987,-98.96482490524178
78553,3200,0.095,33751.3,Comercio,23.694706548844923,-100.88944615466764
79304,3200,0.416,7694.9,Alimentos y bebidas,22.528935112696647,-99.32725333620232
78550,3200,0.216,14781.6,Comercio,23.690547596511248,-100.8872235808635
78555,3200,0.136,23522.4,Comercio,23.68775835256553,-100.88756300447471
79303,2592,1.78,1456.3,Comercio,22.533371531564576,-99.33370274446587
79300,3200,0.3,10673.7,Servicios,22.522500730507794,-99.3246219860154
79316,225,170.198,1.3,Comercio,22.443012956218556,-99.30320757949205
79313,328,127.911,2.6,Comercio,22.663399928565138,-99.48650410609805
79307,3200,1.013,3159.7,Comercio,22.51894176269488,-99.33462395911305
79306,3200,1.134,2820.7,Comercio,22.51752782013016,-99.326105738345
79305,3200,0.934,3425.0,Industria manufacturera,22.52302366359643,-99.31672345974782
79317,382,119.502,3.2,Servicios,22.344600050839865,-99.27487758670755
79318,247,69.443,3.6,Comercio,22.25134573850057,-99.32469357201211
79315,164,178.14,0.9,Servicios,22.511523887149988,-99.41712086170509
79314,306,154.441,2.0,Comercio,22.591848229246438,-99.36655284976602
79373,396,95.239,4.2,Servicios,22.15935519181961,-99.5559360333655
78790,3200,1.206,2653.2,Comercio,23.630705259409563,-100.64883584745003
79665,2964,2.799,1059.1,Comercio,21.938975229581057,-100.04951239741878
79130,3200,0.064,49649.5,Comercio,22.21579337733353,-98.36737889838545
79970,3200,1.52,2105.0,Servicios,21.335381865658963,-98.82600483460762
79162,3200,0.154,20729.1,Comercio,22.21103499862443,-98.37594097279866
79973,729,19.94,36.6,Servicios,21.355691230670942,-98.79695827179857
79974,437,19.373,22.6,Comercio,21.325699877570912,-98.78575810560932
79975,769,12.217,62.9,Comercio,21.298773778047714,-98.81870142023455
79976,978,8.738,111.9,Comercio,21.31956091632174,-98.82920985164851
78968,165,113.917,1.4,Industria manufacturera,22.50383100494811,-100.56323708180764
79978,542,21.117,25.7,Servicios,21.35207034966966,-98.846929537556
79891,1307,11.53,113.4,Servicios,21.51956721933439,-98.9778945388056
79502,548,66.866,8.2,Alimentos y bebidas,21.82100673522186,-100.88440714439793
79883,1512,2.474,611.3,Alimentos y bebidas,21.566678786574926,-98.96137191401621
79884,1199,3.449,347.7,Comercio,21.553418085315432,-98.95360528938984
79785,538,77.548,6.9,Alimentos y bebidas,21.584367693301463,-99.52549635448153
79885,2109,3.971,531.1,Servicios,21.536205531483986,-98.95844946286108
79787,525,60.969,8.6,Servicios,21.626589429849908,-99.594812046466
79780,3200,0.524,6109.6,Comercio,21.589127705402934,-99.56707497758735
79830,3200,0.406,7889.0,Alimentos y bebidas,21.619127619494627,-98.90249904559653
79977,664,34.73,19.1,Alimentos y bebidas,21.315204928122714,-98.89276435607104
79824,715,46.045,15.5,Comercio,21.693432295264408,-98.6148861763926
78535,310,191.107,1.6,Comercio,23.95500910710929,-100.59800946817168
78533,212,264.044,0.8,Servicios,23.980332899013053,-100.7255867317351
79503,382,64.656,5.9,Comercio,21.827547764587607,-100.82851369448827
78520,1193,7.291,163.6,Comercio,23.8249184596301,-100.72771651471557
78530,187,143.259,1.3,Servicios,23.859723560138498,-100.77994102735848
79110,2224,1.382,1609.8,Servicios,22.228327248071025,-98.36507770998797
79160,3200,0.256,12500.7,Comercio,22.215053484745287,-98.37747126650392
79833,2750,3.084,891.7,Alimentos y bebidas,21.620960685272358,-98.91254805410816
79832,1377,12.232,112.6,Comercio,21.635934987482177,-98.89072469037993
79836,546,19.368,28.2,Comercio,21.600424327343767,-98.873822715745
78784,3200,0.358,8948.8,Alimentos y bebidas,23.643640513707748,-100.66258964040946
79740,2648,2.974,890.3,Comercio,21.84552406462279,-99.64253797635371
79744,739,35.881,20.6,Servicios,21.873526051042326,-99.65963479905452
79747,456,84.224,5.4,Alimentos y bebidas,21.82587421973883,-99.73261662598041
79746,408,63.447,6.4,Salud y educación,21.80166681685499,-99.65444426582019
79756,483,56.966,8.5,Industria manufacturera,21.870975242320153,-99.5766459265092
79394,540,51.036,10.6,Alimentos y bebidas,21.968551921915456,-99.60000845722566
78958,430,77.666,5.5,Comercio,22.558064299255342,-100.80871027094238
79850,2278,1.161,1962.2,Servicios,21.559474132426416,-98.81719100697299
78630,3200,0.927,3451.7,Comercio,23.324779663761436,-101.73836637572943
78640,112,267.945,0.4,Servicios,23.37283274233151,-101.82975118270852
78638,130,386.662,0.3,Servicios,23.27680832597865,-101.64268767459203
78643,98,340.247,0.3,Alimentos y bebidas,23.24947415584036,-101.90970511563697
79857,539,16.336,33.0,Alimentos y bebidas,21.58552929965514,-98.83381406057552
79854,1018,22.357,45.5,Servicios,21.608431121285175,-98.81018063350528
79853,501,48.314,10.4,Servicios,21.56477269417135,-98.7441864447124
79856,702,28.36,24.8,Alimentos y bebidas,21.554025723262377,-98.84808540862706
79395,450,103.971,4.3,Servicios,21.932976036714912,-99.71162497530554
79600,300,194.106,1.5,Industria manufacturera,21.81275038136478,-99.97624406896489
78850,3200,1.058,3024.4,Servicios,23.372773727937926,-100.75928940543143
78854,209,112.328,1.9,Comercio,23.31234832056839,-100.73444090366927
78853,236,79.324,3.0,Alimentos y bebidas,23.393705635896644,-100.70426058975619
78566,288,97.281,3.0,Industria manufacturera,23.550051436490552,-100.85870705442852
78484,3200,0.27,11857.1,Comercio,22.273271968867462,-101.11059267068758
78463,440,36.679,12.0,Servicios,22.354658015740753,-101.02702758926544
78960,3200,0.634,5050.6,Servicios,22.445309651592446,-100.67996227768633
78840,207,116.411,1.8,Servicios,23.435320987257736,-100.82437212367363
78855,262,101.856,2.6,Servicios,23.352889163729813,-100.84740839489356
78593,3200,0.35,9135.2,Servicios,23.139717009384704,-101.1127469102793
78590,3200,0.244,13099.3,Industria manufacturera,23.129602934641884,-101.1139348906197
78594,3200,0.181,17720.7,Comercio,23.11984112583572,-101.11114022811124
78595,3200,1.436,2229.1,Comercio,23.123601562162357,-101.10750060475063
78597,3200,1.737,1842.6,Industria manufacturera,23.133371242601854,-101.11485315744557
78596,3200,1.021,3134.1,Alimentos y bebidas,23.127009077282022,-101.11993135137197
78583,269,107.752,2.5,Servicios,23.18496179408087,-101.11917935996571
78570,344,44.285,7.8,Comercio,23.11186338027998,-101.09291244802459
78573,541,81.165,6.7,Industria manufacturera,23.082368446652907,-101.14929214928111
79790,3200,0.347,9228.4,Servicios,21.6553661003944,-99.49694664980056
79793,453,108.115,4.2,Comercio,21.670329053048913,-99.44883959045592
78793,1784,3.78,471.9,Alimentos y bebidas,23.61569736410928,-100.64979817844623
79440,3200,0.254,12580.3,Industria manufacturera,22.43320151833744,-100.28415467396539
79442,3200,1.127,2839.6,Industria manufacturera,22.44164428958342,-100.28395573422648
79122,3200,0.6,5331.8,Servicios,22.228830563591277,-98.38341552633513
78505,195,335.805,0.6,Servicios,23.95068360123398,-101.05982280307481
78963,2789,1.629,1712.3,Servicios,22.460513272166672,-100.67378415416906
78967,144,237.838,0.6,Comercio,22.455500202507217,-100.71282359107339
78506,309,219.836,1.4,Servicios,23.852175219486764,-101.08721947232311
78500,2941,1.104,2662.8,Comercio,23.884262519647375,-100.9509678824532
79523,295,49.048,6.0,Alimentos y bebidas,21.90973442935157,-100.83221515159619
79736,329,43.074,7.6,Alimentos y bebidas,21.91986379556147,-99.34430111099205
79725,896,27.438,32.7,Alimentos y bebidas,21.966850291177934,-99.33376723416492
78554,3200,0.046,69362.0,Comercio,23.690254276734965,-100.88379667120842
78563,383,117.55,3.3,Comercio,23.730033628311656,-100.85489436571999
78692,246,139.111,1.8,Comercio,22.879791632958504,-101.80852848926513
78691,402,117.423,3.4,Alimentos y bebidas,22.803748634493143,-101.84437705190034
78673,381,125.56,3.0,Comercio,23.082699034076846,-101.98581399295685
78670,1730,4.487,385.5,Servicios,23.03241418144093,-102.0354489484831
78665,372,108.57,3.4,Comercio,22.98322403173551,-102.05448074345381
78564,283,122.144,2.3,Comercio,23.651298704518837,-100.91425497635488
79483,398,106.787,3.7,Servicios,22.263668356828713,-100.47845534814604
79480,867,18.653,46.5,Comercio,22.25688567156486,-100.56803423521393
79525,975,22.752,42.9,Servicios,21.942701200411204,-100.8746185064714
78660,333,166.453,2.0,Servicios,23.04042375408276,-102.1839531984161
78671,379,150.929,2.5,Salud y educación,23.10123303959135,-102.09909010474955
78680,306,109.126,2.8,Comercio,22.889976240229352,-102.12543893229463
78681,1851,3.571,518.4,Servicios,22.797479683545056,-102.0357214759716
78683,388,148.49,2.6,Alimentos y bebidas,22.723184101149087,-101.97795719976915
78684,400,113.659,3.5,Comercio,22.814888095288822,-102.09045038620097
78689,271,88.874,3.0,Industria manufacturera,22.95500843673745,-102.14916564729329
78693,365,148.048,2.5,Servicios,22.944866367657852,-101.74431221517071
78694,155,169.346,0.9,Alimentos y bebidas,22.94297983539191,-101.91947307147086
78695,285,225.53,1.3,Comercio,22.905358489293672,-101.62275234252579
78696,348,139.369,2.5,Comercio,23.041867415357967,-101.90254248450154
78698,304,214.048,1.4,Comercio,23.026232529309432,-101.73199950907197
79484,528,38.881,13.6,Salud y educación,22.216066204440146,-100.51250349590397
78796,1765,2.764,638.6,Servicios,23.623826887492427,-100.63764656686499
78699,350,69.287,5.1,Comercio,22.847610727153118,-101.51823593304896
78399,1397,2.702,517.1,Servicios,22.138271030731932,-100.94469423384345
78135,3200,0.364,8782.2,Salud y educación,22.18037141910853,-101.02975720654814
78626,3200,0.037,86872.6,Comercio,22.62126305676241,-101.71317902350346
78136,3200,1.491,2146.9,Alimentos y bebidas,22.173544778132943,-101.02376191363811
78798,2764,2.728,1013.3,Alimentos y bebidas,23.632723616947047,-100.66072283649622
79521,314,51.744,6.1,Comercio,21.967361417324263,-100.93302330034302
79526,1016,21.688,46.8,Industria manufacturera,21.97436147501088,-100.86364061026782
79938,396,34.05,11.6,Industria manufacturera,21.45654884914787,-98.90715089480857
79716,3200,0.2,15977.6,Comercio,21.9143847209666,-99.39158241854697
79726,198,101.676,1.9,Comercio,22.048479002229417,-99.36867479960105
79732,476,86.537,5.5,Servicios,21.794813761663317,-99.22515816780343
79482,924,22.393,41.3,Servicios,22.203405306430525,-100.55536939997398
79720,268,64.089,4.2,Comercio,22.102639075081118,-99.30849061549928
79143,3200,0.016,200143.8,Comercio,22.20796830579158,-98.38379923009171
79721,386,66.421,5.8,Alimentos y bebidas,22.028700696489437,-99.29807565252845
79709,297,114.323,2.6,Comercio,21.716144422252793,-99.24801907381891
79722,515,82.308,6.3,Servicios,22.179461425540303,-99.35836065255091
79183,3200,0.137,23339.3,Servicios,22.212883176479433,-98.3590630234747
78609,233,115.099,2.0,Comercio,22.558487799503617,-101.69011114287157
78801,360,76.719,4.7,Servicios,23.739653731835595,-100.51718638095913
78804,507,27.907,18.2,Servicios,23.719373464271285,-100.66811150797272
78943,3200,0.237,13495.3,Comercio,22.650103687515045,-100.84603858277579
78601,374,160.107,2.3,Comercio,22.75794355919172,-101.66063418827933
78725,1963,4.167,471.1,Servicios,23.679147262314917,-100.6499759687659
78536,322,213.123,1.5,Servicios,23.819752394925366,-100.6252971796791
78537,275,116.158,2.4,Servicios,23.755094652925305,-100.7457237757439
79731,545,51.12,10.7,Salud y educación,21.923121455617153,-99.28120623597935
79735,417,41.052,10.2,Comercio,21.842649611824186,-99.3222948108577
79734,682,42.405,16.1,Comercio,21.830824293458843,-99.28563286294944
79446,3200,0.985,3250.1,Servicios,22.42625580306115,-100.29091479403057
79447,3200,0.964,3318.6,Industria manufacturera,22.437381249394114,-100.294001523104
79433,444,43.391,10.2,Comercio,22.42772862673643,-100.35059140613613
79435,696,28.391,24.5,Alimentos y bebidas,22.399388219854117,-100.30927642007772
78730,2938,0.977,3008.4,Alimentos y bebidas,23.655621256577103,-100.65960590296254
79427,551,37.751,14.6,Industria manufacturera,22.471856659070646,-100.3154249709509
79406,568,47.11,12.1,Alimentos y bebidas,22.456183828437847,-100.24038005159893
79445,2489,0.973,2557.7,Alimentos y bebidas,22.42126567492803,-100.28346088566495
78750,3200,0.444,7201.8,Comercio,23.655043069257147,-100.64991898690012
79200,3200,0.353,9072.7,Comercio,22.00309830118719,-98.77754106228966
79202,3200,0.575,5561.8,Salud y educación,22.00554045193833,-98.77057092022811
78524,1683,5.414,310.9,Salud y educación,23.82058487711248,-100.70854137579936
78604,321,115.549,2.8,Comercio,22.61043950616061,-101.80776184574415
78970,396,108.229,3.7,Comercio,22.502698264913672,-100.86563163098867
79204,3200,0.38,8428.3,Alimentos y bebidas,22.000831006816565,-98.78716675280425
78439,272,248.941,1.1,Comercio,22.293451323004636,-100.83909509162295
78430,554,17.799,31.1,Servicios,22.203324159312338,-100.92583046418974
78720,3200,1.846,1733.8,Industria manufacturera,23.666413634423307,-100.65883647221519
79380,3200,0.094,34025.6,Servicios,21.99764815600427,-99.6397082175553
78700,3200,2.459,1301.4,Servicios,23.646235037882633,-100.6430453695147
79140,3200,0.923,3468.1,Salud y educación,22.21064866998565,-98.39355113933517
79182,3200,0.353,9055.7,Alimentos y bebidas,22.21587523807089,-98.3634917302797
79190,3150,2.408,1308.2,Comercio,22.20754246922137,-98.37006372343136
79153,3200,1.212,2640.1,Alimentos y bebidas,22.21614757847617,-98.39772009169815
78710,3200,0.691,4633.7,Comercio,23.662136477981377,-100.64160268425753
78437,1164,4.071,285.9,Industria manufacturera,22.15941714548557,-100.91568505393684
78721,3200,0.006,571332.9,Servicios,23.632216694598068,-100.64028392282766
78726,3200,0.09,35394.0,Industria manufacturera,23.6662926878138,-100.65190297574479
78747,3200,0.137,23388.8,Comercio,23.67653180008196,-100.62692324774616
78414,614,57.095,10.8,Servicios,22.25699448499768,-100.96534712648707
78406,322,215.724,1.5,Comercio,22.392063484917745,-100.94916114386078
78759,3200,0.174,18429.6,Salud y educación,23.652108330852183,-100.65319080377454
78769,3200,0.022,143436.0,Industria manufacturera,23.652913583078508,-100.6401858255815
78420,756,17.548,43.1,Alimentos y bebidas,22.135316516686483,-100.85343478446283
78780,3200,0.202,15829.4,Salud y educación,23.64076662523084,-100.6534549015441
78783,3200,0.399,8022.6,Servicios,23.644877392412816,-100.65754473633707
78424,697,40.357,17.3,Comercio,22.068265595202615,-100.79776510638533
78785,3200,0.248,12877.3,Alimentos y bebidas,23.64500459031543,-100.65241771701406
78770,3200,1.165,2745.9,Servicios,23.642325734298325,-100.63062587910805
78788,3200,0.073,44117.7,Servicios,23.649303140006538,-100.66109594232259
78789,3200,0.371,8620.4,Salud y educación,23.64959863651409,-100.65359377540096
78423,462,43.671,10.6,Alimentos y bebidas,22.119239845772462,-100.79659456342532
78797,3200,0.11,29125.9,Servicios,23.63730153535226,-100.64002327356528
78799,3200,0.022,148379.8,Industria manufacturera,23.6369133152923,-100.64793533952952
79530,189,171.73,1.1,Comercio,21.889918109147736,-100.99309434414234
78792,3200,0.296,10809.7,Servicios,23.62565010531385,-100.64440048028275
79533,700,21.121,33.1,Servicios,21.838234724136647,-100.9603687572652
79357,277,87.986,3.1,Comercio,22.71306450127671,-99.89994054225497
78944,3200,0.305,10482.4,Salud y educación,22.640143378231777,-100.83962452337995
78957,290,85.217,3.4,Salud y educación,22.597559077991882,-100.8794230021533
79142,3200,0.296,10799.6,Comercio,22.20923461224045,-98.38481103264792
79717,3200,0.365,8772.8,Servicios,21.919508313502202,-99.39350830611053
79714,3200,0.099,32339.7,Servicios,21.918266882657193,-99.38892547133374
79524,709,10.248,69.2,Industria manufacturera,21.883019436565196,-100.87071606465072
79520,992,23.137,42.9,Comercio,21.89593222844213,-100.90047322585093
79532,733,17.976,40.8,Comercio,21.86315938038787,-100.93378874814735
79560,772,23.359,33.0,Alimentos y bebidas,21.803096431958302,-100.73487441526635
79567,638,51.989,12.3,Industria manufacturera,21.789151342484683,-100.67711273437132
78925,3200,1.093,2929.0,Industria manufacturera,22.92454662978541,-101.08874532710897
78920,3200,0.716,4470.6,Servicios,22.930575638744205,-101.08961498095644
78924,1654,2.415,685.0,Comercio,22.927620642991002,-101.06905228445737
78933,177,147.049,1.2,Alimentos y bebidas,22.986901964099133,-101.16176855524733
78926,1537,2.09,735.4,Servicios,22.92878294328563,-101.10360129895292
78934,243,139.697,1.7,Alimentos y bebidas,22.968733150437977,-101.02956543076444
78923,3200,1.278,2503.4,Servicios,22.938028764692746,-101.08831565196164
78927,1452,2.773,523.7,Comercio,22.941387502336386,-101.10080903530876
78460,698,52.96,13.2,Industria manufacturera,22.401031423735716,-101.06556310449393
78466,432,65.181,6.6,Alimentos y bebidas,22.33532574637719,-101.12525408092665
78464,464,89.58,5.2,Comercio,22.308009317806235,-101.05316229916595
78476,463,108.109,4.3,Industria manufacturera,22.192588893107956,-101.20575745979156
78486,3200,0.301,10648.8,Industria manufacturera,22.269751814197605,-101.1247576698252
78473,317,81.791,3.9,Alimentos y bebidas,22.281178582787305,-101.18865063560445
78467,784,32.502,24.1,Industria manufacturera,22.353590431019384,-101.17489438196108
78936,142,246.228,0.6,Salud y educación,22.85710033466434,-100.95551020645348
79344,200,223.768,0.9,Salud y educación,22.42514679616864,-99.78043751091039
79693,227,74.232,3.1,Comercio,21.59972939312043,-99.78290541186293
79697,178,151.778,1.2,Comercio,21.58587778092841,-100.02156376060806
79646,155,287.613,0.5,Industria manufacturera,21.694372748037175,-100.10784947092182
79298,295,93.494,3.2,Salud y educación,22.26614148501959,-98.49377997483207
79293,488,89.35,5.5,Alimentos y bebidas,22.214361452638645,-98.44173367957234
79296,305,71.967,4.2,Industria manufacturera,22.174278219287167,-98.40997480259995
78508,201,274.94,0.7,Comercio,23.89718102312822,-100.87805264267233
78894,132,371.201,0.4,Servicios,23.080077369687395,-100.16526876727255
78886,201,253.256,0.8,Comercio,22.579387955458916,-100.42806632079856
78887,219,407.652,0.5,Comercio,22.710030854906982,-100.50288326624218
78880,173,424.969,0.4,Industria manufacturera,22.86840883552861,-100.43146331677762
78715,2687,2.679,1003.0,Alimentos y bebidas,23.682971174044333,-100.62824708709003
78215,2131,3.82,557.8,Alimentos y bebidas,22.120225052585642,-101.03146646279342
78435,1693,1.765,959.3,Comercio,22.16606971093958,-100.94268486483196
79710,3200,0.206,15511.9,Servicios,21.924456196945503,-99.39208941740826
79880,3200,0.504,6346.7,Alimentos y bebidas,21.54749935648778,-98.96717204295038
79617,2790,1.81,1541.6,Industria manufacturera,21.9173028077745,-99.9848492138344
79707,341,95.809,3.6,Servicios,21.77347666473728,-99.46841906372201
79708,335,66.278,5.1,Salud y educación,21.745288140166462,-99.34919778678804
79705,474,51.285,9.2,Alimentos y bebidas,21.814287105543762,-99.36259040394815
79706,490,66.752,7.3,Comercio,21.76860412302697,-99.41236668070384
79704,299,47.11,6.3,Comercio,21.87766324541931,-99.38217326708141
79729,449,52.3,8.6,Servicios,22.13194321455554,-99.48437920731469
79730,3200,0.214,14960.6,Servicios,21.960933644328595,-99.29597386864833
79623,3200,0.103,30992.4,Industria manufacturera,21.915851050097288,-100.00091042459462
79728,432,90.263,4.8,Alimentos y bebidas,22.16211154817061,-99.4291439700625
79712,3200,0.524,6110.0,Comercio,21.923044270558833,-99.39792555992447
79882,1008,10.538,95.7,Servicios,21.562307363229017,-98.98042710488656
79208,3200,0.316,10120.1,Servicios,22.013657904721676,-98.79473498080611
79702,676,17.585,38.4,Comercio,21.93032111268556,-99.41684427615498
79727,198,106.628,1.9,Comercio,22.043749972920423,-99.4320588615269
79150,3200,0.453,7060.4,Servicios,22.215656816489172,-98.38443810549741
79203,3200,0.737,4341.6,Alimentos y bebidas,22.003664279963875,-98.75963070002166
79152,3200,0.732,4371.6,Comercio,22.22321664694894,-98.3837666018594
79120,3200,1.196,2676.0,Comercio,22.221560070358663,-98.37533798783828
78432,3200,0.035,91830.5,Servicios,22.1634316240254,-100.95794031560537
78622,1974,4.048,487.7,Servicios,22.635942742858226,-101.70345027757939
78606,241,124.933,1.9,Comercio,22.635589336983454,-101.63572778199567
78444,738,44.852,16.5,Servicios,22.202472899429015,-100.74528763147764
78443,1481,12.992,114.0,Comercio,22.244927010108917,-100.74382778678
79345,2024,2.865,706.3,Comercio,22.481758175130086,-99.8491567154525
78440,1993,3.843,518.6,Alimentos y bebidas,22.215802500605665,-100.79661039947484
78445,1099,14.682,74.9,Servicios,22.18738767498525,-100.78549018960172
79444,3200,1.257,2546.4,Alimentos y bebidas,22.42638063599577,-100.2780836239442
79407,457,49.878,9.2,Alimentos y bebidas,22.424117242239294,-100.21280171855506
79733,3200,2.184,1465.1,Alimentos y bebidas,21.962776563693915,-99.29982246288284
78474,279,108.133,2.6,Servicios,22.269367312836845,-101.29270894699295
78475,413,76.225,5.4,Comercio,22.193911472030578,-101.29545985968635
79000,3200,0.92,3479.5,Comercio,21.9858074644812,-99.01507893333847
79010,2712,2.231,1215.7,Alimentos y bebidas,22.016271284332362,-99.02983000188834
79019,2743,1.414,1939.8,Salud y educación,22.01564257177373,-99.03946269067963
79023,3200,0.76,4208.6,Comercio,22.02203981869403,-99.02312332985638
79033,3200,1.368,2340.0,Servicios,21.99742636129777,-99.03118679570248
79034,3200,1.15,2782.7,Comercio,22.00197908320947,-99.04074180485306
79035,3200,2.601,1230.3,Alimentos y bebidas,22.00432772305041,-99.05064546733895
78697,223,112.529,2.0,Servicios,22.779037540205064,-101.9386961418119
78685,271,145.83,1.9,Comercio,22.878386051335614,-101.99649866804317
78690,1339,3.696,362.3,Comercio,22.829390704414894,-101.909705546911
79036,3200,0.77,4156.6,Servicios,22.01607951200483,-99.04933385154767
79040,3200,1.15,2781.7,Servicios,21.99495645242433,-99.01973629343837
79043,3200,0.763,4192.4,Servicios,21.990321323735536,-99.02372386607279
79050,1758,2.408,730.1,Salud y educación,21.98831949955447,-99.00420027901224
79058,3200,0.152,21077.8,Comercio,21.997459969886044,-99.00847932384923
79059,3200,0.271,11790.8,Alimentos y bebidas,21.99644811947219,-99.00246152068162
79068,2670,2.408,1108.6,Industria manufacturera,21.998338128032355,-98.9935866247991
79063,3200,0.808,3959.1,Alimentos y bebidas,21.98449953369543,-98.99390413496893
79064,3200,0.717,4460.4,Industria manufacturera,21.980705449895215,-98.9884488158834
79070,3200,1.832,1746.9,Servicios,21.980966111151215,-99.02356440173915
79080,3200,1.651,1938.3,Industria manufacturera,21.974126905888603,-99.01150366371748
79082,3200,1.214,2635.0,Comercio,21.969787619557877,-99.00437007138473
79083,3200,0.031,103798.9,Salud y educación,21.979021329171292,-99.00761315127895
78494,279,213.309,1.3,Alimentos y bebidas,21.883638809622163,-101.275772732274
78436,1815,5.231,346.9,Industria manufacturera,22.159153340970278,-100.93627130391215
78497,371,94.969,3.9,Comercio,21.85929266596986,-101.42330607579511
78493,323,131.244,2.5,Servicios,21.99777507736708,-101.34488092369794
79677,1065,20.205,52.7,Comercio,21.944920754399785,-100.07164387255996
79663,1157,13.916,83.1,Comercio,21.911108116195376,-100.04769065448814
79346,237,356.279,0.7,Comercio,22.534169011174757,-99.91475588292592
79660,1121,3.623,309.4,Comercio,21.929393434737918,-100.03036224253336
79626,1761,2.332,755.1,Industria manufacturera,21.92663008043784,-100.00669579776529
79614,3200,0.456,7024.5,Alimentos y bebidas,21.926308402044615,-99.98101260014614
79084,3200,0.578,5534.9,Alimentos y bebidas,21.97618874051448,-98.99957806866186
79085,3200,1.455,2199.5,Comercio,21.966189821625075,-99.02029976947897
79090,3200,0.48,6666.0,Comercio,21.959955531633256,-99.00075564325753
79092,1992,2.787,714.6,Industria manufacturera,21.969541791462554,-98.97455987884969
79093,3200,1.155,2769.9,Comercio,21.948795970725225,-98.98626181224783
79094,3200,0.435,7352.4,Salud y educación,21.973933715803867,-98.98660948336425
78746,3200,0.435,7362.7,Servicios,23.666799803140474,-100.6307492495498
78716,3200,0.043,73625.3,Industria manufacturera,23.66576334942397,-100.63690256813024
79095,2607,3.004,868.0,Industria manufacturera,21.960487497434602,-98.99064914766936
79097,3200,0.157,20395.5,Comercio,21.96995661602015,-98.99831731538163
78760,3200,0.434,7380.7,Servicios,23.653028956397293,-100.63640838808558
79098,3200,0.88,3637.0,Salud y educación,21.972402478296875,-98.99335759598081
79230,319,73.533,4.3,Comercio,22.143926570669027,-99.24717675766232
79233,272,80.154,3.4,Industria manufacturera,22.16337305624937,-99.17871643755059
79234,310,80.857,3.8,Comercio,22.247701914293444,-99.18234433662538
79235,449,109.357,4.1,Alimentos y bebidas,22.255076103479542,-99.26939298733402
79236,255,104.797,2.4,Comercio,22.353026162347085,-99.1759232604117
79237,362,114.167,3.2,Servicios,22.352832212108463,-99.09054953488685
79240,3200,1.956,1635.7,Alimentos y bebidas,21.97418496209717,-99.25749131248232
79245,579,70.697,8.2,Alimentos y bebidas,22.117553240982822,-99.10435257019994
79246,370,55.401,6.7,Comercio,22.070294700831816,-99.085506773797
79250,620,45.469,13.6,Comercio,21.976304709840548,-99.08231162334569
79253,458,50.819,9.0,Comercio,21.936669841496585,-99.02689665009257
79254,471,51.497,9.1,Comercio,21.89563970967935,-99.06372574482155
79255,626,33.955,18.4,Salud y educación,21.833262053939826,-99.09211099819335
79256,608,45.833,13.3,Comercio,21.888211343420803,-99.12169978307803
79257,674,33.654,20.0,Servicios,21.951506167340213,-99.13640799664853
79260,303,71.299,4.2,Industria manufacturera,21.877089686947834,-98.9844474197831
79263,569,39.985,14.2,Industria manufacturera,21.867911255260925,-98.90516871447979
79264,261,57.011,4.6,Servicios,21.820612742034086,-98.87306016905886
79265,504,66.598,7.6,Comercio,21.795519604991863,-98.93852870665481
79266,807,30.422,26.5,Comercio,21.81082101994178,-98.99326174834158
79267,705,27.972,25.2,Salud y educación,21.82966577183784,-99.04645117092669
79270,379,67.132,5.6,Salud y educación,21.938487812093417,-98.93206539727196
79274,579,64.172,9.0,Servicios,22.077941968342177,-98.9325407267365
79275,287,71.23,4.0,Salud y educación,22.138432283494694,-98.9327417226855
79276,342,68.064,5.0,Industria manufacturera,22.120440455796185,-99.00933655807123
79280,519,81.31,6.4,Comercio,22.187479399113638,-99.09260258676278
79283,340,109.322,3.1,Servicios,22.2668005311822,-99.0762983025081
79284,588,50.655,11.6,Salud y educación,22.19580866120349,-99.01962196896753
79285,464,100.326,4.6,Comercio,22.221735085017528,-98.94687256895546
79286,494,86.189,5.7,Comercio,22.29629887617583,-98.95834899976202
79287,446,108.663,4.1,Salud y educación,22.366271946613594,-98.98959882745145
79244,362,71.408,5.1,Servicios,22.060973355864178,-99.17811018117665
79243,499,90.336,5.5,Salud y educación,22.02095915324079,-99.24077427237732
79247,652,54.882,11.9,Alimentos y bebidas,22.018805918746967,-99.1065942306564
79273,195,84.101,2.3,Servicios,22.013630304103383,-98.93251775875447
79713,1875,1.849,1014.3,Salud y educación,21.931815916958204,-99.38928520360798
79703,984,9.225,106.7,Salud y educación,21.95410269014463,-99.39494840620725
78836,638,33.143,19.2,Servicios,23.688504593585428,-100.77608155256239
78830,803,38.196,21.0,Alimentos y bebidas,23.690328727170932,-100.70636294948842
78837,567,36.068,15.7,Comercio,23.64474249739741,-100.74417204537478
78835,363,37.068,9.8,Comercio,23.637302102066734,-100.80410596185719
78154,3200,0.194,16456.6,Comercio,22.16261792102275,-101.01899346295538
78470,253,86.494,2.9,Industria manufacturera,22.21131630471233,-101.10162948689161
78717,3200,0.518,6183.2,Servicios,23.66947523494491,-100.64067890081591
78712,3200,0.315,10143.8,Comercio,23.677516960383603,-100.6347702270224
78802,1071,20.385,52.5,Alimentos y bebidas,23.712989930982992,-100.6259648385253
78722,3200,0.276,11582.1,Servicios,23.664949302320686,-100.6478327416962
78724,3200,0.454,7054.6,Industria manufacturera,23.669813155799996,-100.64970482966362
78908,331,52.93,6.3,Comercio,22.605049741196908,-101.08002785025475
78803,396,52.329,7.6,Comercio,23.67223260507306,-100.57771699145356
78740,1411,4.539,310.8,Comercio,23.651506061000156,-100.61669315111521
78745,3200,1.541,2077.2,Salud y educación,23.65941141283673,-100.62895093453696
78950,297,84.523,3.5,Industria manufacturera,22.69544314096284,-100.88324132777609
79028,954,4.744,201.1,Industria manufacturera,22.01726116538562,-98.9874988805184
78143,2627,3.189,823.7,Comercio,22.187606787433324,-100.96745407889686
78947,3200,0.131,24414.4,Comercio,22.650079991725345,-100.8526895023016
78955,339,81.623,4.2,Servicios,22.681432235020537,-100.78815519090358
79060,3200,1.596,2005.4,Industria manufacturera,21.981274160465915,-98.97597446054162
79030,3192,1.148,2780.2,Comercio,22.01283186125728,-99.05866653164622
79656,3200,2.012,1590.8,Comercio,21.939447814682705,-100.02659308895927
78812,570,45.582,12.5,Comercio,23.622207298556752,-100.67814729556336
78940,1383,3.454,400.4,Comercio,22.638918249225608,-100.84732922099292
79657,3200,1.239,2582.6,Servicios,21.947775565070494,-100.02636849793521
79655,3200,0.588,5439.6,Servicios,21.94188433535039,-100.01928771601315
79596,387,72.579,5.3,Servicios,21.722228247645404,-100.52672790096649
79595,605,44.165,13.7,Comercio,21.705391950331908,-100.60925430896197
79594,598,20.98,28.5,Alimentos y bebidas,21.638819239605684,-100.5823822205148
79592,554,69.185,8.0,Comercio,21.683672472562268,-100.49130363502196
79593,462,50.366,9.2,Industria manufacturera,21.63857604947073,-100.51262230995437
79511,334,39.265,8.5,Servicios,21.890367439173065,-101.108734651623
78465,246,65.13,3.8,Servicios,22.249336668571743,-101.04483209340292
78415,870,17.675,49.2,Servicios,22.268784659611608,-100.92567396117408
79933,341,45.946,7.4,Comercio,21.47211600495122,-98.84033712022756
79930,2210,3.327,664.3,Comercio,21.439761070367258,-98.87163220346744
78117,1005,7.395,135.9,Servicios,22.210997284602353,-101.00657967314031
79811,311,46.181,6.7,Servicios,21.708846504620634,-98.93463360282644
78100,1654,8.7,190.1,Servicios,22.203387467919743,-100.97249496448501
79846,897,16.952,52.9,Servicios,21.604639012703334,-98.7029610515143
79936,288,48.208,6.0,Servicios,21.37890322967362,-98.84732884376325
79946,746,36.943,20.2,Industria manufacturera,21.422511607586333,-98.7919192614551
79934,667,23.447,28.4,Alimentos y bebidas,21.42136220937679,-98.85269806531858
79960,1508,9.434,159.8,Servicios,21.256445956568758,-98.7734941926654
79841,572,13.365,42.8,Comercio,21.648125640151914,-98.64055211221965
79847,381,29.597,12.9,Salud y educación,21.6388527682868,-98.6926260689578
79843,1459,12.836,113.7,Comercio,21.609704879539848,-98.63576628925732
79840,1935,7.671,252.2,Comercio,21.606285571148394,-98.66572297570113
79822,309,97.179,3.2,Alimentos y bebidas,21.747956618506482,-98.6558965546321
79823,522,66.838,7.8,Salud y educación,21.75085786237863,-98.53985585617124
79820,1772,6.083,291.3,Servicios,21.719020911510423,-98.58231875500779
78624,3200,0.817,3918.7,Servicios,22.623072741086922,-101.70863700306842
79957,827,33.237,24.9,Salud y educación,21.337876382094077,-98.70281416139018
79953,454,45.436,10.0,Industria manufacturera,21.390906542539497,-98.63345508208943
79950,1470,8.752,168.0,Servicios,21.362436698007443,-98.65877296183267
78625,1872,5.568,336.2,Comercio,22.61765932777319,-101.72053001422246
79277,428,32.672,13.1,Servicios,22.045993248188722,-99.02103785745877
79025,3200,0.034,92896.6,Industria manufacturera,22.006640700590253,-99.00453786092307
79027,2996,1.058,2831.8,Comercio,22.019895583512728,-98.9987541931202
79020,774,7.195,107.6,Comercio,22.011520849887134,-99.0128330127805
78600,339,128.15,2.6,Servicios,22.67401124506319,-101.81463090263432
79383,3200,0.8,3997.9,Alimentos y bebidas,22.001247421109397,-99.6337109242459
79384,2194,1.975,1110.8,Comercio,21.9908380754839,-99.63645885517973
79382,1843,2.887,638.3,Salud y educación,22.010581012787288,-99.64118028921085
79393,598,49.328,12.1,Comercio,22.029930821321056,-99.63188303414886
79387,3200,1.896,1687.4,Servicios,22.010607729184212,-99.65168305023192
79397,545,61.679,8.8,Alimentos y bebidas,21.99835364747854,-99.72430138425472
79385,914,5.197,175.9,Comercio,21.989574663676848,-99.6602248196978
79386,972,6.004,161.9,Comercio,22.006090072663532,-99.66739235583792
78620,3200,0.53,6040.2,Industria manufacturera,22.62886734621968,-101.71530658991898
78904,138,178.491,0.8,Industria manufacturera,22.771308648748462,-100.95029601163392
78916,421,54.883,7.7,Comercio,22.70632363980017,-101.13703444398814
78905,308,65.459,4.7,Alimentos y bebidas,22.711197512660668,-101.05123915982435
78902,233,70.941,3.3,Servicios,22.801788377419232,-101.08267451478059
78903,381,52.328,7.3,Alimentos y bebidas,22.774043553988637,-101.15912267482014
78900,1316,11.854,111.0,Comercio,22.749187845000808,-101.08718733060849
78183,2013,4.477,449.6,Industria manufacturera,22.161093118412516,-101.0474707588179
78216,1619,4.026,402.1,Comercio,22.14528530508675,-101.03665212427373
78416,342,44.936,7.6,Industria manufacturera,22.03485092021931,-101.11817425276688
78418,370,47.14,7.8,Comercio,22.095680990928365,-101.08497987981795
78413,310,42.742,7.3,Salud y educación,22.136832413108365,-101.09070813046819
78427,336,173.392,1.9,Salud y educación,22.041767593000827,-101.01518911823543
78295,2331,3.583,650.6,Servicios,22.116115327179536,-101.00951589829398
78380,1561,6.002,260.1,Salud y educación,22.10744762536205,-100.96070899998125
78364,2465,4.989,494.1,Industria manufacturera,22.11044615078445,-100.98177068418246
78390,3200,2.187,1463.1,Comercio,22.1438956869869,-100.93717033513278
79557,263,132.688,2.0,Comercio,21.98853427701471,-100.76165813564387
79547,396,58.306,6.8,Alimentos y bebidas,22.13037273216698,-100.72516647193567
